ts	phase	decision	why	evidence	result
2026-10-05T09:15:15.168848+00:00	baseline	Preserved local source changes before switching release base	Current production includes27commits absent from the primary checkout	7a0ee1a;2ec721a	VERIFIED
2026-10-05T09:15:15.169115+00:00	architecture	Selected existing domain services with complete transaction boundaries	Independent candidates and judge favored the smaller additive design	plan.md	VERIFIED; inherited model family
2026-10-05T09:15:15.169119+00:00	parallelism	Assigned four isolated managed worktrees to implementation chats	Concurrent source edits and Prisma client generation must remain separate	billing-integrity;visit-lifecycle;clinical-clears;inventory-queue	running
2026-10-05T09:35:32.267744+00:00	baseline	All nine real-database defects also reproduce on production main	The local-source audit needed confirmation on the newer release base	baseline-probes.json	REPRODUCED
2026-10-05T09:35:32.267883+00:00	tests	Repaired stale transaction and audit fixtures without weakening assertions	Current main tests omitted transaction support and expected obsolete inventory behavior	/tmp/pstack-repaired-baseline-tests.json	55 passed
2026-10-05T09:35:32.267885+00:00	migration	Use isolated PostgreSQL17 on localhost55457	The default local port runs14 and rejects production17 schema settings	/tmp/pstack-migration-baseline.log	BASELINE_CAPTURED
2026-10-05T09:35:32.267886+00:00	verification-review	Added strict release migration mode and frontend proxy identity checks	Independent review found ways a stale schema or frontend build could yield a false pass	scripts/diagnostics/inventory-visits-migration-rehearsal.cjs;scripts/diagnostics/inventory-visits-local.cjs	corrected; final verification pending
2026-10-05T09:35:32.267887+00:00	production-audit	Flagged three cached invoice balance mismatches for explicit reconciliation	Completed receipts are authoritative and no overpayment was observed	output/inventory-visits-repair/production-reconciliation.json	billing lane addressing
2026-10-05T09:35:32.267889+00:00	browser	Use isolated Chrome after Obscura navigation timed out	Local app remained about:blank in Obscura but Chrome login rendered normally	output/inventory-visits-repair/baseline-visit.png	Chrome normal-auth session established
